<?xml version="1.0"?>
<!--<!DOCTYPE metadata SYSTEM "http://www.esri.com/metadata/esriprof80.dtd">-->
<metadata xml:lang="es"><Esri><MetaID>{8059061B-F061-4DF8-A778-4878981F5743}</MetaID><CreaDate>20110504</CreaDate><CreaTime>09022900</CreaTime><SyncOnce>TRUE</SyncOnce><DataProperties><lineage><Process ToolSource="C:\Program Files (x86)\ArcGIS\ArcToolbox\Toolboxes\Data Management Tools.tbx\DefineProjection" Date="20110504" Time="090229">DefineProjection C:\ANGELA\shapes_BCN200_2011\BCN200_2011\VIZCAYA\BCN200_0612S_PUERTO.shp GEOGCS['GCS_ETRS_1989',DATUM['D_ETRS_1989',SPHEROID['GRS_1980',6378137.0,298.257222101]],PRIMEM['Greenwich',0.0],UNIT['Degree',0.0174532925199433]] C:\ANGELA\shapes_BCN200_2011\BCN200_2011\VIZCAYA\BCN200_0612S_PUERTO.shp</Process></lineage></DataProperties></Esri></metadata>
