<?xml version="1.0"?>
<!--<!DOCTYPE metadata SYSTEM "http://www.esri.com/metadata/esriprof80.dtd">-->
<metadata xml:lang="es"><Esri><MetaID>{0815185B-66F8-44F2-8CD0-B9107391807D}</MetaID><CreaDate>20110504</CreaDate><CreaTime>11111900</CreaTime><SyncOnce>TRUE</SyncOnce><DataProperties><lineage><Process ToolSource="C:\Program Files (x86)\ArcGIS\ArcToolbox\Toolboxes\Data Management Tools.tbx\DefineProjection" Date="20110504" Time="111119">DefineProjection C:\ANGELA\shapes_BCN200_2011\BCN200_2011\GUIPUZCOA\BCN200_0102S_ZON_PRO.shp GEOGCS['GCS_ETRS_1989',DATUM['D_ETRS_1989',SPHEROID['GRS_1980',6378137.0,298.257222101]],PRIMEM['Greenwich',0.0],UNIT['Degree',0.0174532925199433]] C:\ANGELA\shapes_BCN200_2011\BCN200_2011\GUIPUZCOA\BCN200_0102S_ZON_PRO.shp</Process></lineage></DataProperties></Esri></metadata>
